{
    "name": "Linux",
    "description": "Terminal WEB para rodar comandos de programação da Íris via PC ou Telefone.",
    "usage": {
        "general": "[RESTRITO] - Verifique o 'examples' para usos inseguros.",
        "examples": [
            "Linux.env()",
            "Linux.starter()",
            "Linux.env().functions.starter.value()",
            "Linux.env().functions.revert.value()"
        ]
    },
    "license": "MIT",
    "helps": [
        "Você pode mudar os parâmetros da exports enviando o valor da Object que deseja editar ao resetar, por exemplo → Linux.reset({ name: 'Body'}) ← Isso mudaria o module de Tree para Body, o uso então passaria ser: → Body.funcão ← Isso também permite que você edita a função usando o mesmo método.",
        "Você pode mudar o que os códigos rodam, em tempo real, basta usar a 'env', por exemplo → Linux.env().name = 'Body' ← Mas este método não atualizará o sistema, somente a Object, os sistemas permanecem intactos.",
        "Você pode configurar o tempo de reset dos resultados ou se eles devem ser resetados usando a env, por exemplo → Linux.env().settings.wait = 10000 ← Isso mudaria o tempo de espera para 10 segundos, o tempo deve ser em milissegundos.",
        "Alguém lê essas dicas? Se sim, torne-se um programador, ler os tutoriais é de suma importância e poucos desenvolvedores o fazem...",
        "Existem infinitas formas de uso secretas, explore os códigos para descobrir os mistérios dos sistemas!",
        "Todas as funções tem valores padrão, então você não sofrerá erros por esquecer de enviar um parâmetro ou similar.",
        "Se você digitar o IP da maquina no seu telefone, juntamente com a porta, como foi dito no terminal, você poderá 'controlar' remotamente seu PC a partir do terminal web.",
        "Se ocorrer um erro de porta em uso, experimente abrir uma nova porta na sua maquina e configurar as portas no parameters abaixo.",
        "JAMAIS use uma senha e nome de usuário fáceis de adivinhar, pois o terminal web, apesar de poderoso para usos, é perigoso nas mãos erradas."
    ],
    "exports": {
        "env": "env",
        "messedup": "messedup",
        "starter": "starter",
        "endrun": "endrun",
        "baseinit": "baseinit",
        "format": "format",
        "reset": "reset",
        "poswork": "finish"
    },
    "developer": "KillovSky",
    "files": {
        "index.js": "Sistema via servidor local em navegador que permite rodar comandos de NodeJS e outros.",
        "utils.json": "Dados de fábrica da envInfo.",
        "Security/Server.crt": "Certificado HTTPS para encriptação da conexão TLS ao terminal.",
        "Security/Server.key": "Key do certificado de acesso."
    },
    "modules": {
        "fs": "Leitura de diretórios e arquivos.",
        "path": "Para obter o nome da pasta.",
        "ip": "Obtém o IP local da maquina.",
        "socket.io": "Mantém uma conexão no site para rodar os comandos.",
        "util": "Faz formatação dos dados recebidos.",
        "http": "Para o servidor HTTP.",
        "https": "Para o servidor HTTPS.",
        "express": "Cria um APP que roda nos dois protocolos.",
        "body-parser": "Faz parse do texto para rodar.",
        "../../../index": "Para rodar funções de outros arquivos."
    },
    "functions": {
        "ambient": {
            "arguments": false,
            "description": "Retorna as variáveis e sistemas do arquivo.",
            "type": "Boolean / Function",
            "value": false
        },
        "messedup": {
            "arguments": {
                "error": {
                    "description": "Instância de erro para formatação.",
                    "type": "Boolean / Error",
                    "value": false
                }
            },
            "description": "Ajusta os valores de erro.",
            "type": "Boolean / Function",
            "value": false
        },
        "starter": {
            "arguments": false,
            "description": "Faz a inicialização do terminal web e todo o restante.",
            "type": "Boolean / Function",
            "value": false
        },
        "endrun": {
            "arguments": false,
            "description": "Roda as funções de pós criação do servidor, é apenas para referencia, NÃO USE.",
            "type": "Boolean / Function",
            "value": false
        },
        "format": {
            "arguments": false,
            "description": "Formata uma Object com funções dentro para não serem removidas, funciona via stringify, referência, não use.",
            "type": "Boolean / Function",
            "value": false
        },
        "baseinit": {
            "arguments": false,
            "description": "Função responsável por gerar o terminal, servidor e realizar tudo, não use, pode causar problemas de porta!",
            "type": "Boolean / Function",
            "value": false
        },
        "poswork": {
            "arguments": {
                "response": {
                    "description": "Resultados de uma função.",
                    "type": "Any",
                    "value": false
                }
            },
            "description": "Verifica se pode resetar a envInfo e retorna o resultado da função.",
            "type": "Boolean / Function",
            "value": false
        },
        "revert": {
            "arguments": {
                "changeKey": {
                    "description": "Uma Object com valores que existem na envInfo, ela será usada para substituir o sistema em tempo real.",
                    "type": "Object value",
                    "anyValue": false
                }
            },
            "description": "Reseta a envInfo para a Object padrão.",
            "type": "Boolean / Function",
            "value": false
        }
    },
    "settings": {
        "wait": {
            "description": "Tempo em MS que deve esperar antes de resetar.",
            "type": "Number",
            "value": 5000
        },
        "error": {
            "description": "Define se pode printar qualquer erro.",
            "type": "Boolean",
            "value": false
        },
        "ender": {
            "description": "Define se deve resetar a cada erro.",
            "type": "Boolean",
            "value": true
        },
        "finish": {
            "description": "Define se deve resetar a cada finalização.",
            "type": "Boolean",
            "value": false
        }
    },
    "parameters": {
        "enableConsole": {
            "description": "Define se deve abrir um servidor para o terminal web.",
            "type": "Boolean",
            "value": true
        },
        "defaultUser": {
            "description": "Se configurado, define um nome de usuário estático que não mudará.",
            "type": "Boolean / String / Number",
            "value": false
        },
        "defaultPass": {
            "description": "Se configurado, define uma senha estática que não mudará.",
            "type": "Boolean / String / Number",
            "value": false
        },
        "userLogin": {
            "description": "Define quantos dígitos deve ter o nome de usuário para logar.",
            "type": "Number",
            "value": 8
        },
        "userPass": {
            "description": "Define quantos dígitos deve ter a password.",
            "type": "Number",
            "value": 8
        },
        "httpsPort": {
            "description": "Porta HTTPS para acesso do terminal.",
            "type": "Boolean / Number",
            "value": false
        },
        "httpPort": {
            "description": "Porta HTTP para acesso do terminal, entrar causa redirecionamento para HTTPS.",
            "type": "Boolean / Number",
            "value": false
        },
        "location": {
            "description": "Local onde o módulo pode ser encontrado.",
            "type": "Boolean / String",
            "value": "./index"
        },
        "code": {
            "description": "Código do erro que obter.",
            "type": "Boolean / String / Number",
            "value": false
        },
        "message": {
            "description": "Armazena a mensagem do último erro recebido.",
            "type": "Boolean / String",
            "value": false
        }
    },
    "results": {
        "description": "Resultado final da função.",
        "success": true,
        "type": "Any",
        "value": false
    }
}