{
    "name": "Spec",
    "description": "Sistema que separa os comandos de mensagens comuns.",
    "usage": {
        "general": "[RESTRITO] - Verifique o 'examples' para usos inseguros.",
        "examples": [
            "Spec.env()",
            "Spec.cmds()",
            "Spec.env().functions.cmds.value()",
            "Spec.env().functions.revert.value()"
        ]
    },
    "license": "MIT",
    "helps": [
        "Você pode mudar os parâmetros da exports enviando o valor da Object que deseja editar ao resetar, por exemplo → Spec.reset({ name: 'Body'}) ← Isso mudaria o module de Tree para Body, o uso então passaria ser: → Body.funcão ← Isso também permite que você edita a função usando o mesmo método.",
        "Você pode mudar o que os códigos rodam, em tempo real, basta usar a 'env', por exemplo → Spec.env().name = 'Body' ← Mas este método não atualizará o sistema, somente a Object, os sistemas permanecem intactos.",
        "Você pode configurar o tempo de reset dos resultados ou se eles devem ser resetados usando a env, por exemplo → Spec.env().settings.wait = 10000 ← Isso mudaria o tempo de espera para 10 segundos, o tempo deve ser em milissegundos.",
        "Alguém lê essas dicas? Se sim, torne-se um programador, ler os tutoriais é de suma importância e poucos desenvolvedores o fazem...",
        "Existem infinitas formas de uso secretas, explore os códigos para descobrir os mistérios dos sistemas!",
        "Todas as funções tem valores padrão, então você não sofrerá erros por esquecer de enviar um parâmetro ou similar."
    ],
    "exports": {
        "env": "env",
        "messedup": "messedup",
        "cmds": "cmds",
        "reset": "reset",
        "poswork": "finish"
    },
    "developer": "KillovSky",
    "files": {
        "index.js": "Sistema que decide o que deve fazer quanto as mensagens e comandos.",
        "utils.json": "Dados de fábrica da envInfo."
    },
    "modules": {
        "fs": "Leitura de diretórios e arquivos.",
        "path": "Para obter o nome da pasta.",
        "../../../index": "Para rodar funções de outros arquivos."
    },
    "functions": {
        "ambient": {
            "arguments": false,
            "description": "Retorna as variáveis e sistemas do arquivo.",
            "type": "Boolean / Function",
            "value": false
        },
        "messedup": {
            "arguments": {
                "error": {
                    "description": "Instância de erro para formatação.",
                    "type": "Boolean / Error",
                    "value": false
                }
            },
            "description": "Ajusta os valores de erro.",
            "type": "Boolean / Function",
            "value": false
        },
        "cmds": {
            "arguments": {
                "kill": {
                    "description": "Funções de controle raiz da Íris.",
                    "type": "Boolean / Object",
                    "value": false
                },
                "message": {
                    "description": "Dados da mensagem recebida.",
                    "type": "Boolean / Object",
                    "value": false
                }
            },
            "description": "Redireciona a função correta para o arquivo correto.",
            "type": "Boolean / Function",
            "value": false
        },
        "poswork": {
            "arguments": {
                "response": {
                    "description": "Resultados de uma função.",
                    "type": "Any",
                    "value": false
                }
            },
            "description": "Verifica se pode resetar a envInfo e retorna o resultado da função.",
            "type": "Boolean / Function",
            "value": false
        },
        "revert": {
            "arguments": {
                "changeKey": {
                    "description": "Uma Object com valores que existem na envInfo, ela será usada para substituir o sistema em tempo real.",
                    "type": "Object value",
                    "anyValue": false
                }
            },
            "description": "Reseta a envInfo para a Object padrão.",
            "type": "Boolean / Function",
            "value": false
        }
    },
    "settings": {
        "wait": {
            "description": "Tempo em MS que deve esperar antes de resetar.",
            "type": "Number",
            "value": 5000
        },
        "error": {
            "description": "Define se pode printar qualquer erro.",
            "type": "Boolean",
            "value": true
        },
        "ender": {
            "description": "Define se deve resetar a cada erro.",
            "type": "Boolean",
            "value": true
        },
        "finish": {
            "description": "Define se deve resetar a cada finalização.",
            "type": "Boolean",
            "value": true
        }
    },
    "parameters": {
        "location": {
            "description": "Local onde o módulo pode ser encontrado.",
            "type": "Boolean / String",
            "value": "./index"
        },
        "code": {
            "description": "Código do erro que obter.",
            "type": "Boolean / String / Number",
            "value": false
        },
        "message": {
            "description": "Armazena a mensagem do último erro recebido.",
            "type": "Boolean / String",
            "value": false
        }
    },
    "results": {
        "description": "Resultado final da função.",
        "success": true,
        "type": "Any",
        "value": false
    }
}