{
    "name": "Check",
    "description": "Funções do tipo RegExp que auxiliam a Íris no dia a dia.",
    "usage": {
        "general": "[RESTRITO] - Verifique o 'examples' para usos inseguros.",
        "examples": [
            "Check.env()",
            "Check.mesrxp('object message', 'user id', 'chat id', 'button id', 'regexp')",
            "Check.create('any')",
            "Check.invite('text')",
            "Check.folders('text')",
            "Check.urls('text')",
            "Check.reset()",
            "Check.env().functions.mesrxp.value('object message', 'user id', 'chat id', 'button id', 'regexp')",
            "Check.env().functions.create.value('any')",
            "Check.env().functions.invite.value('text')",
            "Check.env().functions.folders.value('text')",
            "Check.env().functions.urls.value('text')",
            "Check.env().functions.revert.value()"
        ]
    },
    "license": "MIT",
    "helps": [
        "Você pode mudar os parâmetros da exports enviando o valor da Object que deseja editar ao resetar, por exemplo → Check.reset({ name: 'Body'}) ← Isso mudaria o module de Tree para Body, o uso então passaria ser: → Body.funcão ← Isso também permite que você edita a função usando o mesmo método.",
        "Você pode mudar o que os códigos rodam, em tempo real, basta usar a 'env', por exemplo → Check.env().name = 'Body' ← Mas este método não atualizará o sistema, somente a Object, os sistemas permanecem intactos.",
        "Você pode configurar o tempo de reset dos resultados ou se eles devem ser resetados usando a env, por exemplo → Check.env().settings.wait = 10000 ← Isso mudaria o tempo de espera para 10 segundos, o tempo deve ser em milissegundos.",
        "Alguém lê essas dicas? Se sim, torne-se um programador, ler os tutoriais é de suma importância e poucos desenvolvedores o fazem...",
        "É preferível que você já envie suas próprias RegExp prontas em vez de Strings, e que caso seja String, ela não tenha '/' no inicio, embora não atrapalhe.",
        "Symbol's são incompatíveis, portanto, tenha muito cuidado com o tipo de dado que você envia para gerar uma RegExp, mas claro, nada grave ocorrerá, se houver erros, 'false' será retornado."
    ],
    "exports": {
        "env": "env",
        "mesrxp": "mesrxp",
        "messedup": "messedup",
        "create": "create",
        "invite": "invite",
        "folders": "folders",
        "urls": "urls",
        "reset": "reset",
        "poswork": "finish"
    },
    "developer": "KillovSky",
    "files": {
        "index.js": "Sistema que contém diversas funções de tipo 'RegExp' que são pequenas demais para ter arquivo próprio.",
        "utils.json": "Dados de fábrica da envInfo."
    },
    "modules": {
        "fs": "Leitura de diretórios e arquivos.",
        "remove-accents": "Remove os acentos da mensagem.",
        "path": "Para obter o nome da pasta."
    },
    "functions": {
        "ambient": {
            "arguments": false,
            "description": "Retorna as variáveis e sistemas do arquivo.",
            "type": "Boolean / Function",
            "value": false
        },
        "create": {
            "arguments": {
                "regValue": {
                    "description": "Valor para ser usado na geração de RegExp.",
                    "type": "Any",
                    "value": false
                }
            },
            "description": "Retorna as variáveis e sistemas do arquivo.",
            "type": "Boolean / Function",
            "value": false
        },
        "messedup": {
            "arguments": {
                "error": {
                    "description": "Instância de erro para formatação.",
                    "type": "Boolean / Error",
                    "value": false
                }
            },
            "description": "Retorna as variáveis e sistemas do arquivo.",
            "type": "Boolean / Function",
            "value": false
        },
        "mesrxp": {
            "arguments": {
                "textMessage": {
                    "description": "Mensagem para filtrar.",
                    "type": "Boolean / Object",
                    "value": false
                },
                "senderID": {
                    "description": "Usuário que enviou a mensagem.",
                    "type": "Boolean / String",
                    "value": false
                },
                "fromChat": {
                    "description": "Chat onde a mensagem foi enviada.",
                    "type": "Boolean / String",
                    "value": false
                },
                "buttonID": {
                    "description": "ID do botão da mensagem ou botão.",
                    "type": "Boolean / String",
                    "value": false
                },
                "regexMatch": {
                    "description": "Regex para checar a mensagem.",
                    "type": "String of RegExp",
                    "value": "/sim|si|yes|no|not|nao|cancelar|cancel/i"
                }
            },
            "description": "Filtra se a mensagem é válida para o sistema de awaitMessages.",
            "type": "Boolean / Function",
            "value": false
        },
        "invite": {
            "arguments": {
                "inviteText": {
                    "description": "Texto para realizar a verificação por convites.",
                    "type": "Boolean / String",
                    "value": false
                }
            },
            "description": "Filtra se é um convite de grupos.",
            "type": "Boolean / Function",
            "value": false
        },
        "folders": {
            "arguments": {
                "folderText": {
                    "description": "Uma string para verificar se é um diretório.",
                    "type": "Boolean / String",
                    "value": false
                }
            },
            "description": "Verifica uma string para saber se é um diretório.",
            "type": "Boolean / Function",
            "value": false
        },
        "urls": {
            "arguments": {
                "linkText": {
                    "description": "A string que deve ser verificada em busca de URLs.",
                    "type": "Boolean / String",
                    "value": false
                }
            },
            "description": "Verifica se uma string é URL.",
            "type": "Boolean / Function",
            "value": false
        },
        "poswork": {
            "arguments": {
                "response": {
                    "description": "Resultados de uma função.",
                    "type": "Any",
                    "value": false
                }
            },
            "description": "Verifica se pode resetar a envInfo e retorna o resultado da função.",
            "type": "Boolean / Function",
            "value": false
        },
        "revert": {
            "arguments": {
                "changeKey": {
                    "description": "Uma Object com valores que existem na envInfo, ela será usada para substituir o sistema em tempo real.",
                    "type": "Object value",
                    "anyValue": false
                }
            },
            "description": "Reseta a envInfo para a Object padrão.",
            "type": "Boolean / Function",
            "value": false
        }
    },
    "settings": {
        "wait": {
            "description": "Tempo em MS que deve esperar antes de resetar.",
            "type": "Number",
            "value": 5000
        },
        "error": {
            "description": "Define se pode printar qualquer erro.",
            "type": "Boolean",
            "value": false
        },
        "ender": {
            "description": "Define se deve resetar a cada erro.",
            "type": "Boolean",
            "value": true
        },
        "finish": {
            "description": "Define se deve resetar a cada finalização.",
            "type": "Boolean",
            "value": true
        }
    },
    "parameters": {
        "chatexp": {
            "description": "RegExp para checar se é um convite por URL.",
            "type": "String of RegExp",
            "value": "chat.whatsapp.com/gi"
        },
        "folderexp": {
            "description": "RegExp para checar se é um diretório.",
            "type": "String of RegExp",
            "value": "^(.+)\/([^/]+)$/gi"
        },
        "invitereg": {
            "description": "RegExp avançada para checar se é um convite.",
            "type": "String of RegExp",
            "value": "(https?:\/\/)?chat\\.whatsapp\\.com\/(?:invite\/)?([a-zA-Z0-9-_])+/i"
        },
        "linkexp": {
            "description": "RegExp para checar se é um diretório.",
            "type": "String of RegExp",
            "value": "(http[s]?:\\/\\/(www\\.)?|ftp:\\/\\/(www\\.)?|(www\\.)?){1}([0-9A-Za-z-\\.@:%_\\+~#=]+)+((\\.[a-zA-Z]{2,3})+)(/(.)*)?(\\?(.)*)?/i"
        },
        "location": {
            "description": "Local onde o módulo pode ser encontrado.",
            "type": "String",
            "value": "./index"
        },
        "code": {
            "description": "Código do erro que obter.",
            "type": "Boolean / String / Number",
            "value": false
        },
        "message": {
            "description": "Armazena a mensagem do último erro recebido.",
            "type": "Boolean / String",
            "value": false
        }
    },
    "results": {
        "description": "Resultado final da função.",
        "success": true,
        "type": "Boolean / String",
        "value": false
    }
}