{
    "pt": {
        "User": [
            "📚 _Bem vindo ao menu de ajuda do sistema_ *'{name}'*\n\n🔎 _Esse sistema é responsável por:_ *'{description}'*\n\n❗ _O uso geral disto é feito por:_ *'{usage.general}'*\n\n➖ _Alguns exemplos_ *[Incluindo os para DEVs]*_:_\n{usage.examples}\n❓ _Alias:_\n{alias}"
        ],
        "Developer": [
            "📚 _Bem vindo ao menu de ajuda do sistema_ *'{name}'*\n\n🔎 _Esse sistema é responsável por:_ *'{description}'*\n\n❗ _O uso geral disto é feito por:_ *'{usage.general}'*\n\n➖ _Alguns exemplos_ *[Incluindo os para DEVs]*_:_\n{usage.examples}\n❓ _Alias:_\n{alias}――――――――――――――――――――――\n➕ *Outros Detalhes [DEVs]* ➕\n――――――――――――――――――――――\n\n🎓 _Feito por:_ *'{developer}'*\n\n📜 _Sob a licença:_ *'{license}'*\n\n👀 _Dicas:_\n{helps}\n↻ _Exports:_ {exports}\n\n🔧 _Módulos:_ {modules}\n\n📁 _Arquivos:_ {files}\n\n⚙️ _Configurações:_ {settings}\n\n✏️ _Parâmetros:_ {parameters}\n\n🗳️ _Resultados:_ {results}"
        ],
        "Restrict": [
            "Esse comando é restrito para somente administradores, dono de grupo, meu chefe ou moderadores, quem sabe um dia você entre em uma dessas listas."
        ],
        "Timestamp": [
            "{days} dias | {hours} horas | {minutes} minutos | {seconds} segundos"
        ],
        "Memorystamp": [
            "{used} MB em uso | {free} MB livres | {total} MB totais"
        ],
        "Ping": [
            "🏓 Pong!\n\n──── Informações de Runtime ────\n\n⚙️ {botName} V{version} (BUILD: {build})\n\n🐌 Velocidade de Leitura → '{readTime}'\n\n⚡ Velocidade de Execução → '{execTime}'\n\n⌛ Online faz → '{processUptime}"
        ],
        "Pingdev": [
            "──── Informações Extras [Mensagem] ────\n\n📊 Mensagens após inicio → '{messagesReceived}'\n\n👤 Mensagens em grupo → '{groupSize}'\n\n👥 Mensagens no PV → '{privateSize}'\n\n📈 Total de grupos → '{groupLeng}'\n\n✉️ Mensagens [incluindo eu] → '{overallSize}'\n\n💬 Mensagens minhas → '{botSize}'\n\n──── Informações Extras [{botName}] ────\n\n🦓 ID → '{phoneInfo.id}'\n\n💬 Name → '{phoneInfo.pushname}'\n\n📲 Tipo de conexão → '{phoneInfo.type}'\n\n👌 Status → '{phoneInfo.status}'\n\n📷 Colocado em → '{phoneInfo.statusWhen}'\n\n🤑 Tipo de user → '{phoneInfo.server}'\n\n🏡 Número → '{phoneInfo.number}'\n\n🍪 Aparelho → '{phoneInfo.phone}'\n\n──── Informações Extras [Sessão/PC] ────\n\n📅 Tempo de inicialização → '{sessionInfo.launchSeconds}' segundos\n\n💻​ PC ligado faz → '{computerInfo.uptime.overall}'\n\n🪀 Versão WhatsApp → '{sessionInfo.WA_VERSION}'\n\n🔙 Iniciado as → '{sessionInfo.startedAt}'"
        ],
        "Pingsecret": [
            "──── Informações Secretas [PC] ────\n\n🌡️ CPU → '{computerInfo.cpu}'\n\n IPV6 → '{process.features.ipv6}'\n\n🔒 TLS → '{process.features.tls}'\n\n💎 Quantidade de CPUs → '{computerInfo.cores}' Cores\n\n🍃 Velocidade → '{computerInfo.speed}' MHz\n\n🖥️ Sistema Operacional → '{computerInfo.so}'\n\n🛍️ Versão do S.O → '{computerInfo.version}'\n\n⚙️ Arquitetura → '{computerInfo.arch}'\n\n🏄 Plataforma → '{computerInfo.platform}'\n\n🤖 Kernel → '{computerInfo.kernel}'\n\n💾 RAM → '{memoryInfo.overall}\n\n👑 Username → '{computerInfo.username}' ['{userName}']\n\n🏠 Home → '{computerInfo.home}'\n\n👪 GID → '{computerInfo.groupId}'\n\n👤 UID → '{computerInfo.userId}'\n\n🐚 Shell → '{computerInfo.shell}'\n\n❓ Hostname → '{computerInfo.hostname}'\n\n😲 Extremidade → '{computerInfo.endianness}'\n\n──── Informações Secretas [Node.js] ────\n\n🥑 Node.js → '{process.version}'\n\n📎 Local do Node.js → '{process.execPath}'\n\n⛓️ Argv do Node.js →\n{process.argv}\n\n📄 Title do Node.js → '{process.title}'\n\n🆔 ID do processo → '{process.pid}'\n\n👶 ID de sub-processo → '{process.ppid}'\n\n👍 Consumo de memoria [Node Only] → '{memoryInfo.node.overall}'\n\n📁 Arquitetura do Node.js → '{process.arch}'\n\n🖥️ Plataforma do Node.js → '{process.platform}'\n\n🔎 Release do Node.js → '{process.release.name} {process.release.lts}'\n\n🌐 URL do Node.js atual → '{process.release.sourceUrl}'\n\n👒 URL do Header do Node.js → '{process.release.headersUrl}'\n\n🦶 URL da Lib do Node.js → '{process.release.libUrl}'\n\n🕵️ Inspector → '{process.features.inspector}'\n\n🔢 Debug → '{process.features.debug}'\n\n🤖 Async UV I/O → '{process.features.uv}'\n\n──── Informações de S.O [Modules/Node] ────\n{process.versions}\n\n──── Informações de S.O [PC/Env] ────\n{process.env}"
        ],
        "Menu": [
            "🚀 _Bem-vindo a lista de comandos:_ *#search*_!_ 🚀\n\n✨ _Aqui você encontrará todos os comandos disponíveis para explorar e aproveitar ao máximo o sistema._\n\n⚠️ _Alguns comandos não estão disponíveis na lista pois foram criados em conjunto com outros, mas você pode obte-los com a dica abaixo._\n\n🔍 _Se você estiver um pouco perdido e não souber como usar um comando específico, basta adicionar_ *'--help'* _ao comando. Por exemplo, para obter ajuda com o comando_ *'/S'*_, digite_ *'/S --help'*_, esse meio também fornecerá outras formas de usar o comando, além de comandos 'ocultos' no mesmo arquivo._"
        ]
    },
    "jp": {
        "User": [
            "📚 _システム ヘルプ メニューへようこそ_ *'{name}'*\n\n🔎 _このシステムの責任:_ *'{description}'*\n\n❗ _O 一般的な使用これの作成者:_ *'{usage.general}'*\n\n➖ _いくつかの例_ *[DEV 用のものを含む]*_:_\n{usage.examples}\n❓ _エイリアス:_\n{alias}"
        ],
        "Developer": [
            "📚 _システム ヘルプ メニューへようこそ_ *'{name}'*\n\n🔎 _このシステムの責任:_ *'{description}'*\n\n❗ _O 一般的な使用これの作成者:_ *'{usage.general}'*\n\n➖ _いくつかの例_ *[DEV 用のものを含む]*_:_\n{usage.examples}\n❓ _エイリアス:_\n{alias}――――――――――――――――――――――\n➕ *その他の詳細 [DEVs]* ➕\n―――――――――――――――――――――――――\n\n🎓 _Made By:_ *'{developer}'*\n\n📜 _ライセンス:_ *'{license}'*\n\n👀 _ヒント:_\n{helps}\n↻ _エクスポート:_ {exports}\n\n🔧 _モジュール:_ {modules}\n\n📁 _ファイル:_ {files}\n\n⚙️ _設定:_ {settings}\n\n✏️ _パラメーター:_ {parameters}\n\n🗳️ _結果:_ {results}"
        ],
        "Restrict": [
            "このコマンドは、管理者、グループ所有者、私の上司、またはモデレーターのみに制限されています。いつか、これらのリストの 1 つに入るかもしれません。"
        ],
        "Timestamp": [
            "{days} 日 | {hours} 時間 | {minutes} 分 | {seconds} 秒"
        ],
        "Memorystamp": [
            "{used} MB 使用中 | {free} MB フリー | {total} MB 合計"
        ],
        "Ping": [
            "🏓 Pong!\n\n──── ランタイム情報 ────\n\n⚙️ {botName} V{version} (BUILD: {build})\n\n🐌 読み取り速度 → '{readTime}'\n\n⚡ 実行速度 → '{execTime}'\n\n⌛ オンライン時間 → '{processUptime}"
        ],
        "Menu": [
            "🚀 _コマンドリストへようこそ:_ *#search*_!_ 🚀\n\n✨ _ここでは、システムを最大限に活用するための利用可能なすべてのコマンドが見つかります。_\n\n⚠️ _一部のコマンドは他のコマンドと一緒に作成されているため、リストには表示されませんが、以下のヒントを使用して取得できます。_\n\n🔍 _少し迷って特定のコマンドの使い方が分からない場合は、コマンドに_ *'--help'* _を追加するだけです。例えば、コマンド_ *'/S'*_ のヘルプを取得するには、_ *'/S --help'*_ と入力します。この方法は、コマンドの他の使用方法、同じファイル内の「隠れた」コマンドも提供します。_"
        ]
    },
    "en": {
        "User": [
            "📚 _Welcome to the system help menu_ *'{name}'*\n\n🔎 _This system is responsible for:_ *'{description}'*\n\n❗ _O general use of this is made by:_ *'{usage.general}'*\n\n➖ _Some examples_ *[Including those for DEVs]*_:_\n{usage.examples}\n❓ _Alias:_\n{alias}"
        ],
        "Developer": [
            "📚 _Welcome to the system help menu_ *'{name}'*\n\n🔎 _This system is responsible for:_ *'{description}'*\n\n❗ _O general use of this is made by:_ *'{usage.general}'*\n\n➖ _Some examples_ *[Including those for DEVs]*_:_\n{usage.examples}\n❓ _Alias:_\n{alias}―――――――――――――――――――――――\n➕ *Other Details [DEVs]* ➕\n―――――――――――――――――――――――\n\n🎓 _Made By:_ *'{developer}'*\n\n📜 _Under License:_ *'{license}'*\n\n👀 _Tips:_\n{helps}\n↻ _Exports:_ {exports}\n\n🔧 _Modules:_ {modules}\n\n📁 _Files:_ {files}\n\n⚙️ _Settings:_ {settings}\n\n✏️ _Parameters:_ {parameters}\n\n🗳️ _Results:_ {results}"
        ],
        "Restrict": [
            "This command is restricted to only admins, group owner, my boss or moderators, maybe one day you'll get on one of those lists."
        ],
        "Timestamp": [
            "{days} days | {hours} hours | {minutes} minutes | {seconds} seconds"
        ],
        "Memorystamp": [
            "{used} MB in use | {free} MB free | {total} MB total"
        ],
        "Ping": [
            "🏓 Pong!\n\n──── Runtime Information ────\n\n⚙️ {botName} V{version} (BUILD: {build})\n\n🐌 Speed of Reading → '{readTime}'\n\n⚡ Execution Speed → '{execTime}'\n\n⌛ Online time → '{processUptime}"
        ],
        "Menu": [
            "🚀 _Welcome to the command list:_ *#search*_!_ 🚀\n\n✨ _Here you will find all the available commands to explore and make the most of the system._\n\n⚠️ _Some commands are not available in the list as they were created in conjunction with others, but you can get them with the tip below._\n\n🔍 _If you're a bit lost and don't know how to use a specific command, just add_ *'--help'* _to the command. For example, to get help with the command_ *'/S'*_, type_ *'/S --help'*_. This method will also provide other ways to use the command, as well as 'hidden' commands in the same file._"
        ]
    },
    "fr": {
        "User": [
            "📚 _Bienvenue dans le menu d'aide du système_ *'{name}'*\n\n🔎 _Ce système est responsable de:_ *'{description}'*\n\n❗ _O utilisation générale de ceci est fait par:_ *'{usage.general}'*\n\n➖ _Quelques exemples_ *[Y compris ceux pour les DEV]*_:_\n{usage.examples}\n❓ _Alias:_\n{alias}"
        ],
        "Developer": [
            "📚 _Bienvenue dans le menu d'aide du système_ *'{name}'*\n\n🔎 _Ce système est responsable de:_ *'{description}'*\n\n❗ _O utilisation générale de cela est fait par:_ *'{usage.general}'*\n\n➖ _Quelques exemples_ *[Y compris ceux pour les DEV]*_:_\n{usage.examples}\n❓ _Alias:_\n{alias}―――――――――――――――――――――――\n➕ *Autres détails [DEV]* ➕\n―――――――――――――――――――――――\n\n🎓 _Fabriqué par:_ *'{developer}'*\n\n📜 _Sous licence:_ *'{license}'*\n\n👀 _Conseils:_\n{helps}\n↻ _Exportations:_ {exports}\n\n🔧 _Modules:_ {modules}\n\n📁 _Fichiers :_ {files}\n\n⚙️ _Paramètres:_ {settings}\n\n✏️ _Additional:_ {parameters}\n\n🗳️ _Résultats:_ {results}"
        ],
        "Restrict": [
            "Cette commande est réservée aux seuls administrateurs, propriétaires de groupe, mon patron ou modérateurs, peut-être qu'un jour vous serez sur l'une de ces listes."
        ],
        "Timestamp": [
            "{days} jours | {hours} heures | {minutes} minutes | {seconds} secondes"
        ],
        "Memorystamp": [
            "{used} MB utilisé | {free} MB libre | {total} MB total"
        ],
        "Ping": [
            "🏓 Pong !\n\n──── Informations d'exécution ────\n\n⚙️ {botName} V{version} (Build: {build})\n\n🐌 Vitesse de lecture → '{readTime}'\n\n⚡ Vitesse d'exécution → '{execTime}'\n\n⌛ Temps en ligne → '{processUptime}"
        ],
        "Menu": [
            "🚀 _Bienvenue dans la liste des commandes:_ *#search*_!_ 🚀\n\n✨ _Ici, vous trouverez toutes les commandes disponibles pour explorer et tirer le meilleur parti du système._\n\n⚠️ _Certaines commandes ne sont pas disponibles dans la liste car elles ont été créées en conjonction avec d'autres, mais vous pouvez les obtenir avec le conseil ci-dessous._\n\n🔍 _Si vous êtes un peu perdu et que vous ne savez pas comment utiliser une commande spécifique, ajoutez simplement_ *'--help'* _à la commande. Par exemple, pour obtenir de l'aide avec la commande_ *'/S'*_, tapez_ *'/S --help'*_. Cette méthode fournira également d'autres façons d'utiliser la commande, ainsi que des commandes 'cachées' dans le même fichier._"
        ]
    },
    "es": {
        "User": [
            "📚 _Bienvenido al menú de ayuda del sistema_ *'{name}'*\n\n🔎 _Este sistema es responsable de:_ *'{description}'*\n\n❗ _O uso general de esto está hecho por:_ *'{usage.general}'*\n\n➖ _Algunos ejemplos_ *[Incluyendo aquellos para DEV]*_:_\n{usage.examples} "
        ],
        "Developer": [
            "📚 _Bienvenido al menú de ayuda del sistema_ *'{name}'*\n\n🔎 _Este sistema es responsable de:_ *'{description}'*\n\n❗ _O uso general de esto está hecho por:_ *'{usage.general}'*\n\n➖ _Algunos ejemplos_ *[Incluyendo aquellos para DEV]*_:_\n{usage.examples}\n――――――――――――――――――――――――\n➕ *Otros detalles [DEV]* ➕\n―――――――――――――――――――――――\n\n🎓 _Hecho por:_ *'{developer}'*\n\n📜 _Bajo licencia:_ *'{license}'*\n\n👀 _Consejos:_\n{helps}\n↻ _Exportaciones:_ {exports}\n\n🔧 _Módulos:_ {modules}\n\n📁 _Archivos:_ {files}\n\n⚙️ _Configuración:_ {settings}\n\n✏️ _Adicional:_ {parameters}\n\n🗳️ _Resultados:_ {results}"
        ],
        "Restrict": [
            "Este comando está restringido solo a los administradores, al propietario del grupo, a mi jefe o a los moderadores, tal vez algún día aparezcas en una de esas listas."
        ],
        "Timestamp": [
            "{days} días | {hours} horas | {minutes} minutos | {seconds} segundos"
        ],
        "Memorystamp": [
            "{used} MB en uso | {free} MB libres | {total} MB totales"
        ],
        "Ping": [
            "🏓 Pong!\n\n──── Información de tiempo de ejecución ────\n\n⚙️ {botName} V{version} (BUILD: {build})\n\n🐌 Velocidad de lectura → '{readTime}'\n\n⚡ Velocidad de ejecución → '{execTime}'\n\n⌛ Tiempo en línea → '{processUptime}"
        ],
        "Menu": [
            "🚀 _Bienvenido a la lista de comandos:_ *#search*_!_ 🚀\n\n✨ _Aquí encontrarás todos los comandos disponibles para explorar y aprovechar al máximo el sistema._\n\n⚠️ _Algunos comandos no están disponibles en la lista porque se crearon junto con otros, pero puedes obtenerlos con el consejo a continuación._\n\n🔍 _Si te sientes un poco perdido y no sabes cómo usar un comando específico, simplemente agrega_ *'--help'* _a la orden. Por ejemplo, para obtener ayuda con el comando_ *'/S'*_, escribe_ *'/S --help'*_. Este método también proporcionará otras formas de usar el comando, así como comandos 'ocultos' en el mismo archivo._"
        ]
    },
    "id": {
        "User": [
            "📚 _Selamat datang di menu bantuan sistem_ *'{name}'*\n\n🔎 _Sistem ini bertanggung jawab untuk:_ *'{description}'*\n\n❗ _Penggunaan umum ini dilakukan oleh:_ *'{usage.general}'*\n\n➖ _Beberapa contoh_ *[Termasuk untuk DEV]*_:_\n{usage.examples}\n❓ _Alias:_\n{alias}"
        ],
        "Developer": [
            "📚 _Selamat datang di menu bantuan sistem_ *'{name}'*\n\n🔎 _Sistem ini bertanggung jawab untuk:_ *'{description}'*\n\n❗ _Penggunaan umum ini dilakukan oleh:_ *'{usage.general}'*\n\n➖ _Beberapa contoh_ *[Termasuk untuk DEV]*_:_\n{usage.examples}\n❓ _Alias:_\n{alias}――――――――――――――――――――――――\n➕ *Detail Lainnya [DEV]* ➕\n―――――――――――――――――――――――\n\n🎓 _Dibuat oleh :_ *'{developer}'*\n\n📜 _Di bawah lisensi:_ *'{license}'*\n\n👀 _Kiat:_\n{helps}\n↻ _Ekspor:_ {exports}\n\n🔧 _Modul:_ {modules}\n\n📁 _File:_ {files}\n\n⚙️ _Konfigurasi:_ {settings}\n\n✏️ _Parameter:_ {parameters}\n\n🗳️ _Hasil:_ {results}"
        ],
        "Restrict": [
            "Perintah ini dibatasi hanya untuk admin, pemilik grup, atasan atau moderator saya, mungkin suatu hari Anda akan masuk ke salah satu daftar tersebut."
        ],
        "Timestamp": [
            "{days} hari | {jam} jam | {minutes} menit | {seconds} detik"
        ],
        "Memorystamp": [
            "{used} MB sedang digunakan | {free} MB gratis | {total} MB total"
        ],
        "Ping": [
            "🏓 Pong!\n\n──── Informasi Waktu Proses ────\n\n⚙️ {botName} V{version} (BUILD: {build})\n\n🐌 Kecepatan Membaca → '{readTime}'\n\n⚡ Kecepatan Eksekusi → '{execTime}'\n\n⌛ Waktu online → '{processUptime}"
        ],
        "Menu": [
            "🚀 _Selamat datang di daftar perintah:_ *#search*_!_ 🚀\n\n✨ _Di sini Anda akan menemukan semua perintah yang tersedia untuk menjelajah dan memaksimalkan sistem._\n\n⚠️ _Beberapa perintah tidak tersedia dalam daftar karena mereka dibuat bersama dengan yang lain, tetapi Anda bisa mendapatkannya dengan tips di bawah._\n\n🔍 _Jika Anda sedikit bingung dan tidak tahu cara menggunakan perintah tertentu, cukup tambahkan_ *'--help'* _ke perintah. Misalnya, untuk mendapatkan bantuan dengan perintah_ *'/S'*_, ketik_ *'/S --help'*_. Metode ini juga akan memberikan cara lain untuk menggunakan perintah, serta perintah 'tersembunyi' dalam file yang sama._"
        ]
    },
    "ms": {
        "User": [
            "📚 _Selamat datang ke menu bantuan sistem_ *'{name}'*\n\n🔎 _Sistem ini bertanggungjawab untuk:_ *'{description}'*\n\n❗ _Penggunaan umum ini dilakukan oleh:_ *'{usage.general}'*\n\n➖ _Beberapa contoh_ *[Termasuk yang untuk DEV]*_:_\n{usage.examples}\n❓ _Alias:_\n{alias}"
        ],
        "Developer": [
            "📚 _Selamat datang ke menu bantuan sistem_ *'{name}'*\n\n🔎 _Sistem ini bertanggungjawab untuk:_ *'{description}'*\n\n❗ _Penggunaan umum ini dilakukan oleh:_ *'{usage.general}'*\n\n➖ _Beberapa contoh_ *[Termasuk yang untuk DEV]*_:_\n{usage.examples}\n❓ _Alias:_\n{alias}――――――――――――――――――――――――\n➕ *Butiran Lain [DEV]* ➕\n―――――――――――――――――――――――\n\n🎓 _Dibuat oleh :_ *'{developer}'*\n\n📜 _Di bawah lesen:_ *'{license}'*\n\n👀 _Petua:_\n{helps}\n↻ _Eksport:_ {exports}\n\n🔧 _Modul:_ {modules}\n\n📁 _Fail:_ {files}\n\n⚙️ _Tatarajah:_ {settings}\n\n✏️ _Parameter:_ {parameters}\n\n🗳️ _Hasil:_ {results}"
        ],
        "Restrict": [
            "Arahan ini terhad kepada hanya pentadbir, pemilik kumpulan, bos saya atau penyederhana, mungkin suatu hari nanti anda akan mendapat salah satu daripada senarai tersebut."
        ],
        "Timestamp": [
            "{days} hari | {hours} jam | {minutes} minit | {seconds} saat"
        ],
        "Memorystamp": [
            "{used} MB sedang digunakan | {free} MB percuma | {total} MB jumlah"
        ],
        "Ping": [
            "🏓 Pong!\n\n──── Maklumat Masa Jalan ────\n\n⚙️ {botName} V{version} (BINA: {build})\n\n🐌 Kelajuan Membaca → '{readTime}'\n\n⚡ Kelajuan Pelaksanaan → '{execTime}'\n\n⌛ Masa dalam talian → '{processUptime}"
        ],
        "Menu": [
            "🚀 _Selamat datang dalam senarai arahan:_ *#search*_!_ 🚀\n\n✨ _Di sini anda akan menemui semua arahan yang tersedia untuk meneroka dan memanfaatkan sistem._\n\n⚠️ _Beberapa arahan tidak tersedia dalam senarai kerana mereka dicipta bersama dengan yang lain, tetapi anda boleh mendapatkannya dengan petua di bawah._\n\n🔍 _Jika anda bingung dan tidak tahu cara menggunakan arahan tertentu, tambahkan sahaja_ *'--help'* _ke arahan tersebut. Sebagai contoh, untuk mendapatkan bantuan dengan arahan_ *'/S'*_, taip_ *'/S --help'*_. Kaedah ini juga akan memberikan cara lain untuk menggunakan arahan tersebut, serta arahan 'tersembunyi' dalam fail yang sama._"
        ]
    },
    "hi": {
        "User": [
            "📚 _सिस्टम सहायता मेनू में आपका स्वागत है_ *'{name}'*\n\n🔎 _यह सिस्टम इसके लिए ज़िम्मेदार है:_ *'{description}'*\n\n❗ _इसका सामान्य उपयोग इसके द्वारा किया जाता है:_ *'{usage.general}'*\n\n➖ _कुछ उदाहरण_ *[DEVs सहित]*_:_\n{usage.examples}\n❓ _उपनाम:_\n{alias}"
        ],
        "Developer": [
            "📚 _सिस्टम सहायता मेनू में आपका स्वागत है_ *'{name}'*\n\n🔎 _यह सिस्टम इसके लिए ज़िम्मेदार है:_ *'{description}'*\n\n❗ _इसका सामान्य उपयोग इसके द्वारा किया जाता है:_ *'{usage.general}'*\n\n➖ _कुछ उदाहरण_ *[DEVs के लिए उन्हें शामिल करते हुए]*_:_\n{usage.examples}\n❓ _उपनाम:_\n{alias}――――――――――――――――――――――――\n➕ *अन्य विवरण [DEVs]* ➕\n―――――――――――――――――――――――\n\n _द्वारा निर्मित :_ *'{developer}'*\n\n📜 _अंडर लाइसेंस:_ *'{license}'*\n\n👀 _टिप्स:_\n{helps}\n↻ _Exports:_ {exports}\n\n🔧 _मॉड्यूल:_ {modules}\n\n📁 _फ़ाइलें:_ {files}\n\n⚙️ _कॉन्फ़िगरेशन:_ {settings}\n\n✏️ _पैरामीटर:_ {parameters}\n\n🗳️ _परिणाम:_ {results}"
        ],
        "Restrict": [
            "यह आदेश केवल व्यवस्थापकों, समूह के स्वामी, मेरे बॉस या मॉडरेटर तक ही सीमित है, हो सकता है कि एक दिन आप उन सूचियों में से किसी एक पर पहुंचें।"
        ],
        "Timestamp": [
            "{days} दिन | {hours} घंटे | {minutes} मिनट | {seconds} सेकंड"
        ],
        "Memorystamp": [
            "{used} MB उपयोग में है | {free} MB मुफ़्त | {total} MB कुल"
        ],
        "Ping": [
            "🏓 पोंग!\n\n──── रनटाइम जानकारी ────\n\n⚙️ {botName} V{version} (निर्मित: {build})\n\n🐌 पढ़ने की गति → '{readTime}'\n\n⚡ निष्पादन गति → '{execTime}'\n\n⌛ ऑनलाइन समय → '{processUptime}"
        ],
        "Menu": [
            "🚀 _कमांड सूची में आपका स्वागत है:_ *#search*_!_ 🚀\n\n✨ _यहां आपको सभी उपलब्ध कमांड मिलेंगी जिनका अन्वेषण करने और सिस्टम से सर्वोत्तम तरीके से लाभ उठाने के लिए।_\n\n⚠️ _कुछ कमांड अन्योन्य कमांडों के साथ मिलकर बनाई गई हैं, इसलिए उन्हें सूची में नहीं दिखाया जाता है, लेकिन निम्न युक्तिनुसार उन्हें प्राप्त कर सकते हैं।_\n\n🔍 _अगर आप थोड़े से खो गए हैं और किसी विशिष्ट कमांड का उपयोग कैसे करें, तो केवल कमांड में_ *'--help'* _जोड़ें। उदाहरण के लिए, कमांड_ *'/S'*_ के साथ मदद प्राप्त करने के लिए_ *'/S --help'*_ लिखें। इस तरीके से कमांड का अन्य तरीके से उपयोग करने के लिए और एक ही फ़ाइल में 'छिपी हुई' कमांड्स भी प्रदान करेगा।_"
        ]
    },
    "de": {
        "User": [
            "📚 _Willkommen im Hilfemenü des Systems_ *'{name}'*\n\n🔎 _Dieses System ist verantwortlich für:_ *'{description}'*\n\n❗ _Die allgemeine Verwendung erfolgt durch:_ *'{usage.general}'*\n\n➖ _Einige Beispiele_ *[einschließlich derer für DEVs]*_:_\n{usage.examples}\n❓ _Alias:_\n{alias}"
        ],
        "Developer": [
            "📚 _Willkommen im Hilfemenü des Systems_ *'{name}'*\n\n🔎 _Dieses System ist verantwortlich für:_ *'{description}'*\n\n❗ _Die allgemeine Verwendung erfolgt durch:_ *'{usage.general}'*\n\n➖ _Einige Beispiele_ *[Einschließlich derer für DEVs]*_:_\n{usage.examples}\n❓ _Alias:_\n{alias}――――――――――――――――――――――――\n➕ *Andere Details [DEVs]* ➕\n―――――――――――――――――――――――\n\n🎓 :_ *'{developer}'*\n\n📜 _Unter Lizenz:_ *'{license}'*\n\n👀 _Tipps:_\n{helps}\n↻ _Exporte:_ {exports}\n\n🔧 _Module:_ {modules}\n\n📁 _Dateien:_ {files}\n\n⚙️ _Konfigurationen:_ {settings}\n\n✏️ _Parameter:_ {parameters}\n\n🗳️ _Ergebnisse:_ {results}"
        ],
        "Restrict": [
            "Dieser Befehl ist nur auf Administratoren, Gruppenbesitzer, meinen Chef oder Moderatoren beschränkt, vielleicht kommst du eines Tages auf eine dieser Listen."
        ],
        "Timestamp": [
            "{days} Tage | {hours} Stunden | {minutes} Minuten | {seconds} Sekunden"
        ],
        "Memorystamp": [
            "{used} MB belegt | {free} MB frei | {total} MB insgesamt"
        ],
        "Ping": [
            "🏓 Pong!\n\n──── Laufzeitinformationen ────\n\n⚙️ {botName} V{version} (BUILD: {build})\n\n🐌 Lesegeschwindigkeit → '{readTime}'\n\n⚡ Ausführungsgeschwindigkeit → '{execTime}'\n\n⌛ Onlinezeit → '{processUptime}"
        ],
        "Menu": [
            "🚀 _Willkommen in der Befehlsliste:_ *#search*_!_ 🚀\n\n✨ _Hier finden Sie alle verfügbaren Befehle zum Erkunden und Nutzen des Systems._\n\n⚠️ _Einige Befehle sind in der Liste nicht verfügbar, da sie zusammen mit anderen erstellt wurden, aber Sie können sie mit dem untenstehenden Tipp erhalten._\n\n🔍 _Wenn Sie sich ein wenig verloren fühlen und nicht wissen, wie Sie einen bestimmten Befehl verwenden sollen, fügen Sie einfach_ *'--help'* _zum Befehl hinzu. Zum Beispiel, um Hilfe bei dem Befehl_ *'/S'*_ zu erhalten, geben Sie_ *'/S --help'*_ ein. Diese Methode bietet auch andere Möglichkeiten, den Befehl zu verwenden, sowie 'versteckte' Befehle in derselben Datei._"
        ]
    },
    "it": {
        "User": [
            "📚 _Benvenuto nel menu di aiuto del sistema_ *'{name}'*\n\n🔎 _Questo sistema è responsabile di:_ *'{description}'*\n\n❗ _L'uso generale di questo è fatto da:_ *'{usage.general}'*\n\n➖ _Alcuni esempi_ *[Inclusi quelli per DEV]*_:_\n{usage.examples}\n❓ _Alias:_\n{alias}"
        ],
        "Developer": [
            "📚 _Benvenuto nel menu di aiuto del sistema_ *'{name}'*\n\n🔎 _Questo sistema è responsabile di:_ *'{description}'*\n\n❗ _L'uso generale di questo è fatto da:_ *'{usage.general}'*\n\n➖ _Alcuni esempi_ *[Inclusi quelli per DEV]*_:_\n{usage.examples}\n❓ _Alias:_\n{alias}――――――――――――――――――――――――\n➕ *Altre informazioni [DEV]* ➕\n――――――――――――――――――――――――\n\n🎓 _Made by :_ *'{developer}'*\n\n📜 _Sotto licenza:_ *'{license}'*\n\n👀 _Suggerimenti:_\n{helps}\n↻ _Esportazioni:_ {exports}\n\n🔧 _Modules:_ {modules}\n\n📁 _Files:_ {files}\n\n⚙️ _Configurations:_ {settings}\n\n✏️ _Parameters:_ {parameters}\n\n🗳️ _Results:_ {results}"
        ],
        "Restrict": [
            "Questo comando è limitato solo agli amministratori, al proprietario del gruppo, al mio capo o ai moderatori, forse un giorno entrerai in una di quelle liste."
        ],
        "Timestamp": [
            "{days} giorni | {hours} ore | {minutes} minuti | {seconds} secondi"
        ],
        "Memorystamp": [
            "{used} MB in uso | {free} MB liberi | {total} MB totali"
        ],
        "Ping": [
            "🏓 Pong!\n\n──── Informazioni sul tempo di esecuzione ────\n\n⚙️ {botName} V{version} (BUILD: {build})\n\n🐌 Velocità di lettura → '{readTime}'\n\n⚡ Velocità di esecuzione → '{execTime}'\n\n⌛ Tempo online → '{processUptime}"
        ],
        "Menu": [
            "🚀 _Benvenuto nell'elenco dei comandi:_ *#search*_!_ 🚀\n\n✨ _Qui troverai tutti i comandi disponibili per esplorare e sfruttare al massimo il sistema._\n\n⚠️ _Alcuni comandi non sono disponibili nell'elenco in quanto sono stati creati insieme ad altri, ma puoi ottenerli con il suggerimento di seguito._\n\n🔍 _Se ti senti un po' perso e non sai come usare un comando specifico, aggiungi semplicemente_ *'--help'* _al comando. Ad esempio, per ottenere aiuto con il comando_ *'/S'*_, digita_ *'/S --help'*_. Questo metodo fornirà anche altre modalità per utilizzare il comando, oltre a comandi 'nascosti' nello stesso file._"
        ]
    },
    "ru": {
        "User": [
            "📚 _Добро пожаловать в меню справки системы_ *'{name}'*\n\n🔎 _Эта система отвечает за:_ *'{description}'*\n\n❗ _Общее использование этого осуществляется:_ *'{usage.general}'*\n\n➖ _Некоторые примеры_ *[В том числе для DEV]*_:_\n{usage.examples}\n❓ _Псевдоним:_\n{alias}"
        ],
        "Developer": [
            "📚 _Добро пожаловать в меню справки системы_ *'{name}'*\n\n🔎 _Эта система отвечает за:_ *'{description}'*\n\n❗ _Общее использование этого осуществляется:_ *'{usage.general}'*\n\n➖ _Некоторые примеры_ *[В том числе для DEV]*_:_\n{usage.examples}\n❓ _Псевдоним:_\n{alias}――――――――――――――――――――――――\n➕ *Другие сведения [DEVs]* ➕\n――――――――――――――――――――――――\n\n🎓 _Сделано :_ *'{developer}'*\n\n📜 _Под лицензией:_ *'{license}'*\n\n👀 _Советы:_\n{helps}\n↻ _Экспорт:_ {exports}\n\n🔧 _Modules:_ {modules}\n\n📁 _Files:_ {files}\n\n⚙️ _Configurations:_ {settings}\n\n✏️ _Parameters:_ {parameters}\n\n🗳️ _Results:_ {results}"
        ],
        "Restrict": [
            "Questo comando è limitato solo agli amministratori, al proprietario del gruppo, al mio capo o ai moderatori, forse un giorno entrerai in una di quelle liste."
        ],
        "Timestamp": [
            "{days} дней | {hours} часов | {minutes} минут | {seconds} секунд"
        ],
        "Memorystamp": [
            "{used} МБ используется | {free} МБ бесплатно | {total} МБ всего"
        ],
        "Ping": [
            "🏓 Pong!\n\n──── Информация о времени выполнения ────\n\n⚙️ {botName} V{version} (СТРОЙКА: {build})\n\n🐌 Скорость чтения → '{readTime}'\n\n⚡ Скорость выполнения → '{execTime}'\n\n⌛ Онлайн-время → '{processUptime}"
        ],
        "Menu": [
            "🚀 _Добро пожаловать в список команд:_ *#search*_!_ 🚀\n\n✨ _Здесь вы найдете все доступные команды для исследования и максимального использования системы._\n\n⚠️ _Некоторые команды недоступны в списке, так как они были созданы вместе с другими, но вы можете получить их с помощью подсказки ниже._\n\n🔍 _Если вы немного потерялись и не знаете, как использовать конкретную команду, просто добавьте_ *'--help'* _к команде. Например, чтобы получить помощь с командой_ *'/S'*_, введите_ *'/S --help'*_. Этот метод также предоставит другие способы использования команды, а также 'скрытые' команды в том же файле._"
        ]
    },
    "lat": {
        "User": [
            "📚 _Welcome to the system help menu_ *'{name}'*\n\n🔎 _Haec ratio responsabilis est:_ *'{description}'*\n\n❗ _ Communis usus huius rei ab:_ *'{usage.general}'*\n\n➖ _Quaedam exempla_ *[Including his for DEVs]*_:_\n{usage.examples}\n❓ _Alias:_\n{alias}"
        ],
        "Developer": [
            "📚 _Welcome to the system help menu_ *'{name}'*\n\n🔎 _Haec ratio responsabilis est:_ *'{description}'*\n\n❗ _ Communis usus huius rei ab:_ *'{usage.general}'*\n\n➖ _Quaedam exempla_ *[Including his for DEVs]*_:_\n{usage.examples}\n❓ _Alias:_\n{alias}――――――――――――――――――――――――\n➕*Alia Details [DEVs]*\n――――――――――――――――――――――――\n\n🎓 _Made by :_ *'{developer}'*\n\n📜 _Sub licentia:_ *'{license}'*\n\n👀 _Tips:_\n{helps}\n↻ _Exports:_ {exports}\n\n🔧 _Modules:_ {modules}\n\n📁 _Files:_ {files}\n\n⚙️ _Configurationes:_ {settings}\n\n✏️ _Parameters:_ {parameters}\n\n🗳️ _Results:_ {results}"
        ],
        "Restrict": [
            "Hoc mandatum restringitur ad solum admins, dominus coetus, dominus meus vel moderator, fortasse unus dies in unum ex illis tabulas habebitis."
        ],
        "Timestamp": [
            "{days} dies | {hours} horae | {minutes} minuta | {seconds} seconds"
        ],
        "Memorystamp": [
            "{used} MB in usu | {free} MB liberum | {total} MB total"
        ],
        "Ping": [
            "🏓 Pong!\n\n──── Runtime Information ────\n\n⚙️ {botName} V{version} (BUILD: {ædifice})\n\n🐌 Celeritas Lectionis → '{readTime}'\n\n⚡ Execution Speed → '{execTime}'\n\n⌛ Online tempus → '{processUptime}"
        ],
        "Menu": [
            "🚀 _Salutem in lista mandatorum:_ *#search*_!_ 🚀\n\n✨ _Hic omnes mandata ad explorandum adhibenda utem maxime idem faciendum invenies._\n\n⚠️ _Mandata nonnulla in listam non includuntur quoniam cum aliis pariter facta sunt, sed consilio inferiore potes ea nancisci._\n\n🔍 _Si paullulum erras et ignoras uti quodam mandato certo, addas_ *'--auxilium'* _ad mandatum. Ut exempli gratia, ut auxilium de mandato_ *'/S'*_ capias, scribe_ *'/S --auxilium'*_. Hoc iter et alia modi mandatorum utendi adferet, itemque mandata 'occulta' in eodem schedario sunt._"
        ]
    }
}