{
    "pt": {
        "Fail": [
            "😵 _Ooops, algo de errado aconteceu comigo, agradeceria se você pudesse enviar os detalhes abaixo para meu/minha chefe via comando 'help' ou contatando os administradores._\n\n🤖 _Lembre-se, os erros podem ser referentes a um servidor, wa-automate, mensagens que não recebi ou tenho, ajustes incorretos das minhas configurações ou um tipo desconhecido de falha, nem sempre é um erro meu ou no meu código._\n\n#️⃣  _Comando →_ *'{command}'*\n\n📅 _Ocorreu em →_ *'{time}'*\n\n📁 _Na pasta →_ *'{path}'*\n\n🗋 _No arquivo →_ *'{file}'*\n\n🧶 _Na linha →_ *'#{line}'*\n\n🔍 _No caractere →_ *'#{character}'*\n\n🔭 _O erro é comigo? →_ *'{isMe}'*\n\n❓ _Tipo do erro →_ *'{typeerror}'*\n\n❌ _Mensagem do erro →_ *'{fullbo}'*\n\n💡 _Como corrigir →_ *'{suggestion}'*\n\n🐕 - Mesmo que o erro não seja comigo, se estiver sofrendo repetidos erros, você pode reportar isso no meu repositório na GitHub, procure por Projeto Íris, pois isso pode ser causado por uma atualização de módulo externo que precisa que seja corrigido pelos meus DEV's, mas geralmente isso é de responsabilidade do módulo que estiver dando problemas e não dos meus desenvolvedores."
        ],
        "RangeFix": [
            "Definir um valor numérico não negativo, geralmente de 0 a 65536 em caso de portas, podendo ir além disso em outros tipos, o valor máximo suportado pode ser encontrado digitando 'Number.MAX_VALUE', no entanto, utilizar números grandes pode causar erros de memoria."
        ],
        "ReferenceFix": [
            "Definir a variável '{lostvar}' no código ou corrigir uma variável que foi digitada incorretamente."
        ],
        "SyntaxFix": [
            "Corrigir o mal uso e defeito do código, este erro aparece quando o código fornecido não é utilizável na programação de JavaScript."
        ],
        "OtherFix": [
            "Tipo desconhecido de erro, verifique a GitHub do Projeto Íris ou o Google para detalhes ou ajuda."
        ]
    },
    "jp": {
        "Fail": [
            "😵 _おっと、何か問題が発生しました。「ヘルプ」コマンドを使用するか、管理者に連絡して、以下の詳細を上司に送信していただければ幸いです._\n\n🤖 _覚えておいてください、エラーはサーバー、wa-automate、メッセージを受け取っていない、または持っていない、設定を誤って調整した、または不明なタイプの障害が発生した場合、それは必ずしも私のせいまたは私のコードであるとは限りません._\n\n#️⃣ _Command →_ *'{command}'*\n\n📅 _発生 →_ *'{time}'*\n\n📁 _フォルダ内 →_ *'{path}'*\n\n🗋 _ファイル内 →_ *'{file}'*\n\n🧶 _行に →_ *'#{line}'*\n\n🔍 _文字に →_ *'#{character}'*\n\n🔭 _私のミスですか? →_ *'{isMe}'*\n\n❓ _エラーの種類 →_ *'{typeerror}'*\n\n❌ _エラー メッセージ →_ *'{fullbo}'*\n\n💡 _修正方法→_ *'{suggestion}'*\n\n🐕 - エラーが私のものでなくても、繰り返しエラーが発生する場合は、GitHub の私のリポジトリでこれを報告し、プロジェクト Iris を検索してください。これが原因である可能性があります。 co である必要がある外部モジュールの更新によって 私のDEVによって修正されましたが、通常、それは私の開発者ではなく、問題を抱えているモジュールのせいです."
        ],
        "RangeFix": [
            "負でない数値を定義します。通常、ポートの場合は 0 から 65536 までです。他のタイプではそれを超えることができます。サポートされている最大値は、「Number.MAX_VALUE」と入力することで確認できますが、大きな数値を使用すると、メモリ エラーが発生する可能性があります。"
        ],
        "ReferenceFix": [
            "変数 '{lostvar}' をコードで定義するか、スペルミスのある変数を修正してください。"
        ],
        "SyntaxFix": [
            "正しい誤用と欠陥コード。このエラーは、提供されたコードが JavaScript プログラミングで使用できない場合に表示されます。"
        ],
        "OtherFix": [
            "不明なタイプのエラーです。詳細またはヘルプについては、Project Iris GitHub または Google を確認してください。"
        ]
    },
    "en": {
        "Fail": [
            "😵 _Ooops, something went wrong with me, I would appreciate it if you could send the details below to my/my boss via 'help' command or by contacting the administrators._\n\n🤖 _Remember, the errors may refer to a server, wa-automate, messages I didn't receive or have, incorrectly adjusted my settings, or an unknown type of failure, it's not always my fault or my code._\n\n#️⃣ _Command →_ *'{command}'*\n\n📅 _Occurred in →_ *'{time}'*\n\n📁 _In the folder →_ *'{path}'*\n\n🗋 _In the file →_ *'{file}'*\n\n🧶 _On the line →_ *'#{line}'*\n\n🔍 _On the character →_ *'#{character}'*\n\n🔭 _Is it my mistake? →_ *'{isMe}'*\n\n❓ _Error type →_ *'{typeerror}'*\n\n❌ _Error message →_ *'{fullbo}'*\n\n💡 _How to fix →_ *'{suggestion}'*\n\n🐕 - Even if the error is not mine, if you are experiencing repeated errors, you can report this in my repository on GitHub, search for Project Iris, as this could be caused by a module update external that needs to be co fixed by my DEV's, but usually that's the fault of the module that's having problems and not my developers."
        ],
        "RangeFix": [
            "Define a non-negative numerical value, usually from 0 to 65536 in case of ports, it can go beyond that in other types, the maximum supported value can be found by typing 'Number.MAX_VALUE', however, use numbers large can cause memory errors."
        ],
        "ReferenceFix": [
            "Define the variable '{lostvar}' in code or correct a variable that was misspelled."
        ],
        "SyntaxFix": [
            "Correct misuse and defect code, this error appears when the provided code is not usable in JavaScript programming."
        ],
        "OtherFix": [
            "Unknown type of error, check Project Iris GitHub or Google for details or help."
        ]
    },
    "fr": {
        "Fail": [
            "😵 _Ooops, quelque chose s'est mal passé avec moi, j'apprécierais si vous pouviez envoyer les détails ci-dessous à mon/mon patron via la commande 'aide' ou en contactant les administrateurs._\n\n🤖 _N'oubliez pas que les erreurs peuvent se référer à un serveur, wa-automate, des messages que je n'ai pas reçus ou que j'ai, mes paramètres mal réglés, ou un type de panne inconnu, ce n'est pas toujours ma faute ou mon code._\n\n#️⃣ _Commande →_ *'{command}'*\n\n📅 _S'est produite dans →_ *'{time}'*\n\n📁 _Dans le dossier →_ *'{path}'*\n\n🗋 _Dans le fichier →_ *'{file}'*\n\n🧶 _Sur la ligne →_ *'#{line}'*\n\n🔍 _Sur le caractère →_ *'#{character}'*\n\n🔭 _Est-ce mon erreur ? →_ *'{isMe}'*\n\n❓ _Type d'erreur →_ *'{typeerror}'*\n\n❌ _Message d'erreur →_ *'{fullbo}'*\n\n💡 _Comment réparer →_ *'{suggestion}'*\n\n🐕 - Même si l'erreur n'est pas de moi, si vous rencontrez des erreurs répétées, vous pouvez le signaler dans mon référentiel sur GitHub, recherchez Project Iris, car cela pourrait être causé par un module externe de mise à jour qui doit être co corrigé par mes DEV, mais c'est généralement la faute du module qui a des problèmes et non mes développeurs."
        ],
        "RangeFix": [
            "Définissez une valeur numérique non négative, généralement de 0 à 65536 en cas de ports, cela peut aller au-delà dans d'autres types, la valeur maximale prise en charge peut être trouvée en tapant 'Number.MAX_VALUE', cependant, utiliser des nombres grands peut provoquer des erreurs de mémoire."
        ],
        "ReferenceFix": [
            "Définissez la variable '{lostvar}' dans le code ou corrigez une variable mal orthographiée."
        ],
        "SyntaxFix": [
            "Corrigez l'utilisation abusive et le code défectueux, cette erreur apparaît lorsque le code fourni n'est pas utilisable dans la programmation JavaScript."
        ],
        "OtherFix": [
            "Type d'erreur inconnu, consultez Project Iris GitHub ou Google pour plus de détails ou de l'aide."
        ]
    },
    "es": {
        "Fail": [
            "😵 _Ooops, algo salió mal conmigo, le agradecería si pudiera enviar los detalles a continuación a mi / mi jefe a través del comando 'ayuda' o contactando a los administradores._\n\n🤖 _Recuerde, los errores pueden referirse a un servidor, wa-automate, mensajes que no recibí o tengo, ajusté incorrectamente mi configuración o un tipo de falla desconocido, no siempre es mi culpa o mi código._\n\n#️⃣ _Command →_ *'{command}'*\n\n📅 _Ocurrió en →_ *'{time}'*\n\n📁 _En la carpeta →_ *'{path}'*\n\n🗋 _En el archivo →_ *'{file}'*\n\n🧶 _En la línea →_ *'#{line}'*\n\n🔍 _En el carácter →_ *'#{character}'*\n\n🔭 _¿Es mi error? ? →_ *'{isMe}'*\n\n❓ _Tipo de error →_ *'{typeerror}'*\n\n❌ _Mensaje de error →_ *'{fullbo}'*\n\n💡 _Cómo solucionar →_ *'{suggestion}'*\n\n🐕 - Incluso si el error no es mío, si experimenta errores repetidos, puede informar esto en mi repositorio en GitHub, busque Proyecto Iris, ya que esto podría ser causado por una actualización de módulo externo que necesita ser co solucionado por mis DEV, pero generalmente eso es culpa del módulo que tiene problemas y no de mis desarrolladores."
        ],
        "RangeFix": [
            "Defina un valor numérico no negativo, generalmente de 0 a 65536 en el caso de los puertos, puede ir más allá que en otros tipos, el valor máximo admitido se puede encontrar escribiendo 'Number.MAX_VALUE', sin embargo, usar números grandes puede causar errores de memoria."
        ],
        "ReferenceFix": [
            "Define la variable '{lostvar}' en el código o corrige una variable que esté mal escrita."
        ],
        "SyntaxFix": [
            "Corrija el uso indebido y el código defectuoso; este error aparece cuando el código proporcionado no se puede usar en la programación de JavaScript."
        ],
        "OtherFix": [
            "Tipo de error desconocido, consulte Project Iris GitHub o Google para obtener detalles o ayuda."
        ]
    },
    "id": {
        "Fail": [
            "😵 _Ups, ada yang tidak beres dengan saya, saya akan sangat menghargai jika Anda dapat mengirimkan detail di bawah ini ke/bos saya melalui perintah 'bantuan' atau dengan menghubungi administrator._\n\n🤖 _Ingat, kesalahan dapat merujuk ke server, otomatis-wa, pesan yang tidak saya terima atau miliki, salah menyesuaikan pengaturan saya, atau jenis kegagalan yang tidak diketahui, itu tidak selalu kesalahan saya atau kode saya._\n\n#️⃣ _Command →_ *'{command}'*\n\n📅 _Terjadi di →_ *'{time}'*\n\n📁 _Dalam folder →_ *'{path}'*\n\n🗋 _Dalam file →_ *'{file}'*\n\n🧶 _Di baris →_ *'#{line}'*\n\n🔍 _Di karakter →_ *'#{karakter}'*\n\n🔭 _Apakah ini kesalahan saya ? →_ *'{isMe}'*\n\n❓ _Error type →_ *'{typeerror}'*\n\n❌ _Error message →_ *'{fullbo}'*\n\n💡 _Cara memperbaiki →_ *'{saran}'*\n\n🐕 - Meskipun kesalahan bukan milik saya, jika Anda mengalami kesalahan berulang, Anda dapat melaporkannya di repositori saya di GitHub, cari Project Iris, karena hal ini dapat disebabkan oleh modul update eksternal yang perlu co diperbaiki oleh DEV saya, tetapi biasanya itu adalah kesalahan modul yang mengalami masalah dan bukan pengembang saya."
        ],
        "RangeFix": [
            "Tetapkan nilai numerik non-negatif, biasanya dari 0 hingga 65536 untuk port, dapat melebihi itu pada tipe lain, nilai maksimum yang didukung dapat ditemukan dengan mengetik 'Number.MAX_VALUE', namun, menggunakan angka besar dapat menyebabkan kesalahan memori."
        ],
        "ReferenceFix": [
            "Tentukan variabel '{lostvar}' dalam kode atau perbaiki variabel yang salah eja."
        ],
        "SyntaxFix": [
            "Kode kesalahan dan kerusakan yang benar, kesalahan ini muncul saat kode yang diberikan tidak dapat digunakan dalam pemrograman JavaScript."
        ],
        "OtherFix": [
            "Jenis kesalahan tidak diketahui, periksa Project Iris GitHub atau Google untuk detail atau bantuan."
        ]
    },
    "ms": {
        "Fail": [
            "😵 _Ooops, ada masalah dengan saya, saya amat menghargai jika anda boleh menghantar butiran di bawah kepada bos saya/saya melalui arahan 'help' atau dengan menghubungi pentadbir._\n\n🤖 _Ingat, ralat mungkin merujuk kepada pelayan, wa-automate, mesej yang saya tidak terima atau miliki, salah melaraskan tetapan saya, atau jenis kegagalan yang tidak diketahui, ia bukan selalu salah saya atau kod saya._\n\n#️⃣ _Arahan →_ *'{ command}'*\n\n📅 _Berlaku dalam →_ *'{time}'*\n\n📁 _Dalam folder →_ *'{path}'*\n\n🗋 _Dalam fail →_ *'{file}'*\n\n🧶 _Pada baris →_ *'#{line}'*\n\n🔍 _Pada watak →_ *'#{character}'*\n\n🔭 _Adakah kesilapan saya →_ *'{isMe}'*\n\n❓ _Jenis ralat →_ *'{typeerror}'*\n\n❌ _Mesej ralat →_ *'{fullbo}'*\n\n💡 _Cara membetulkan →_ *'{suggestion}'*\n\n🐕 - Walaupun ralat bukan milik saya, jika anda mengalami ralat berulang, anda boleh melaporkannya dalam repositori saya di GitHub, cari Project Iris, kerana ini mungkin disebabkan oleh kemas kini modul luaran yang perlu bersama diperbaiki oleh DEV saya, tetapi biasanya itu adalah kesalahan modul yang menghadapi masalah dan bukan pembangun saya."
        ],
        "RangeFix": [
            "Tentukan nilai berangka bukan negatif, biasanya dari 0 hingga 65536 dalam kes port, ia boleh melebihi itu dalam jenis lain, nilai maksimum yang disokong boleh didapati dengan menaip 'Number.MAX_VALUE', walau bagaimanapun, menggunakan nombor yang besar boleh menyebabkan ralat ingatan."
        ],
        "ReferenceFix": [
            "Tentukan pembolehubah '{lostvar}' dalam kod atau betulkan pembolehubah yang tersilap ejaan."
        ],
        "SyntaxFix": [
            "Penyalahgunaan dan kod kecacatan yang betul, ralat ini muncul apabila kod yang disediakan tidak boleh digunakan dalam pengaturcaraan JavaScript."
        ],
        "OtherFix": [
            "Jenis ralat tidak diketahui, semak Project Iris GitHub atau Google untuk mendapatkan butiran atau bantuan."
        ]
    },
    "hi": {
        "Fail": [
            "😵 _ओउप्स, मेरे साथ कुछ गलत हो गया है, अगर आप 'हेल्प' कमांड के जरिए या एडमिनिस्ट्रेटर से संपर्क करके नीचे दिए गए विवरण मेरे/मेरे बॉस को भेज सकते हैं तो मैं इसकी सराहना करूंगा।_\n\n🤖 _याद रखें, त्रुटियां संदर्भित हो सकती हैं एक सर्वर के लिए, वा-स्वचालित, संदेश जो मुझे प्राप्त नहीं हुए या मेरे पास हैं, मेरी सेटिंग्स को गलत तरीके से समायोजित किया है, या किसी अज्ञात प्रकार की विफलता, यह हमेशा मेरी गलती या मेरा कोड नहीं है।_\n\n#️⃣ _कमांड →_ *'{command}'*\n\n📅 _इसमें हुआ →_ *'{time}'*\n\n📁 _फ़ोल्डर में →_ *'{path}'*\n\n🗋 _फ़ाइल में →_ *'{file}'*\n\n🧶 _ऑन द लाइन →_ *'#{line}'*\n\n🔍 _ऑन द कैरेक्टर →_ *'#{character}'*\n\n🔭 _क्या यह मेरी गलती है ? →_ *'{isMe}'*\n\n❓ _त्रुटि प्रकार →_ *'{typeerror}'*\n\n❌ _त्रुटि संदेश →_ *'{fullbo}'*\n\n💡 _कैसे ठीक करें →_ *'{suggestion}'*\n\n🐕 - भले ही त्रुटि मेरी नहीं है, यदि आप बार-बार त्रुटियों का सामना कर रहे हैं, तो आप इसे GitHub पर मेरे रिपॉजिटरी में रिपोर्ट कर सकते हैं, प्रोजेक्ट आइरिस की खोज कर सकते हैं, क्योंकि यह कारण हो सकता है एक मॉड्यूल अपडेट बाहरी द्वारा जिसे सह होने की आवश्यकता है मेरे DEV द्वारा तय किया गया है, लेकिन आमतौर पर यह उस मॉड्यूल की गलती है जिसमें समस्या हो रही है और मेरे डेवलपर्स की नहीं।"
        ],
        "RangeFix": [
            "एक गैर-ऋणात्मक संख्यात्मक मान परिभाषित करें, आमतौर पर बंदरगाहों के मामले में 0 से 65536 तक, यह अन्य प्रकारों में इससे आगे जा सकता है, अधिकतम समर्थित मान 'Number.MAX_VALUE' टाइप करके पाया जा सकता है, हालाँकि, बड़ी संख्या का उपयोग स्मृति त्रुटियों का कारण बन सकता है।"
        ],
        "ReferenceFix": [
            "कोड में वेरिएबल '{lostvar}' परिभाषित करें या गलत स्पेलिंग वाले वेरिएबल को सही करें।"
        ],
        "SyntaxFix": [
            "सही दुरुपयोग और दोष कोड, यह त्रुटि तब दिखाई देती है जब प्रदान किया गया कोड जावास्क्रिप्ट प्रोग्रामिंग में उपयोग करने योग्य नहीं होता है।"
        ],
        "OtherFix": [
            "अज्ञात प्रकार की त्रुटि, विवरण या सहायता के लिए प्रोजेक्ट आइरिस गिटहब या Google की जाँच करें।"
        ]
    },
    "de": {
        "Fail": [
            "😵 _Ooops, bei mir ist etwas schief gelaufen, ich würde es begrüßen, wenn Sie die unten stehenden Details an meinen/meinen Chef über den Befehl 'Hilfe' senden oder die Administratoren kontaktieren könnten._\n\n🤖 _Denken Sie daran, die Fehler können sich beziehen an einen Server, Wa-Automatisierung, Nachrichten, die ich nicht erhalten habe oder habe, meine Einstellungen falsch angepasst oder eine unbekannte Art von Fehler, es ist nicht immer meine Schuld oder mein Code._\n\n#️⃣ _Befehl →_ *'{command}'*\n\n📅 _Aufgetreten in →_ *'{time}'*\n\n📁 _Im Ordner →_ *'{path}'*\n\n🗋 _In der Datei →_ *'{file}'*\n\n🧶 _Auf der Zeile →_ *'#{line}'*\n\n🔍 _Auf dem Zeichen →_ *'#{character}'*\n\n🔭 _Ist es mein Fehler ? →_ *'{isMe}'*\n\n❓ _Fehlertyp →_ *'{typeerror}'*\n\n❌ _Fehlermeldung →_ *'{fullbo}'*\n\n💡 _Wie zu beheben →_ *'{suggestion}'*\n\n🐕 - Auch wenn der Fehler nicht von mir stammt, können Sie, wenn wiederholte Fehler auftreten, dies in meinem Repository auf GitHub melden, nach Project Iris suchen, da dies verursacht werden könnte durch ein externes Modul-Update, das co von meinen Entwicklern behoben, aber normalerweise ist das der Fehler des Moduls, das Probleme hat, und nicht meine Entwickler."
        ],
        "RangeFix": [
            "Definieren Sie einen nicht negativen Zahlenwert, normalerweise von 0 bis 65536 bei Ports, bei anderen Typen kann er darüber hinausgehen, der maximal unterstützte Wert kann jedoch durch Eingabe von 'Number.MAX_VALUE' gefunden werden, große Zahlen können zu Speicherfehlern führen."
        ],
        "ReferenceFix": [
            "Definiere die Variable '{lostvar}' im Code oder korrigiere eine falsch geschriebene Variable."
        ],
        "SyntaxFix": [
            "Korrigieren Sie Missbrauch und fehlerhaften Code, dieser Fehler tritt auf, wenn der bereitgestellte Code in der JavaScript-Programmierung nicht verwendbar ist."
        ],
        "OtherFix": [
            "Unbekannter Fehlertyp, überprüfen Sie Project Iris GitHub oder Google für Details oder Hilfe."
        ]
    },
    "it": {
        "Fail": [
            "😵 _Ooops, qualcosa è andato storto con me, ti sarei grato se potessi inviare i dettagli di seguito al mio/mio capo tramite il comando 'help' o contattando gli amministratori._\n\n🤖 _Ricorda, gli errori possono fare riferimento a un server, wa-automate, messaggi che non ho ricevuto o non ho, regolato in modo errato le mie impostazioni o un tipo di errore sconosciuto, non è sempre colpa mia o del mio codice._\n\n#️⃣ _Comando →_ *'{command}'*\n\n📅 _Occurred in →_ *'{time}'*\n\n📁 _Nella cartella →_ *'{path}'*\n\n🗋 _Nel file →_ *'{file}'*\n\n🧶 _Sulla riga →_ *'#{line}'*\n\n🔍 _Sul carattere →_ *'#{character}'*\n\n🔭 _È un mio errore ? →_ *'{isMe}'*\n\n❓ _Tipo di errore →_ *'{typeerror}'*\n\n❌ _Messaggio di errore →_ *'{fullbo}'*\n\n💡 _Come risolvere →_ *'{suggestion}'*\n\n🐕 - Anche se l'errore non è mio, se riscontri errori ripetuti, puoi segnalarlo nel mio repository su GitHub, cercare Project Iris, in quanto ciò potrebbe essere causato da un aggiornamento del modulo esterno che deve essere co risolto dai miei DEV, ma di solito è colpa del modulo che ha problemi e non dei miei sviluppatori."
        ],
        "RangeFix": [
            "Definisci un valore numerico non negativo, solitamente da 0 a 65536 in caso di porte, può andare oltre in altri tipi, il valore massimo supportato può essere trovato digitando 'Number.MAX_VALUE', tuttavia, usare numeri grandi può causare errori di memoria."
        ],
        "ReferenceFix": [
            "Definisci la variabile '{lostvar}' nel codice o correggi una variabile che è stata scritta in modo errato."
        ],
        "SyntaxFix": [
            "Correggere l'uso improprio e il codice difettoso, questo errore viene visualizzato quando il codice fornito non è utilizzabile nella programmazione JavaScript."
        ],
        "OtherFix": [
            "Tipo di errore sconosciuto, controlla Project Iris GitHub o Google per dettagli o aiuto."
        ]
    },
    "ru": {
        "Fail": [
            "😵 _Ой, у меня что-то пошло не так, я был бы признателен, если бы вы могли отправить данные ниже моему/моему начальнику через команду 'помощь' или связавшись с администраторами._\n\n🤖 _Помните, ошибки могут относиться на сервер, wa-automate, сообщения, которые я не получил или не получил, неправильно настроил мои настройки или неизвестный тип сбоя, это не всегда моя вина или мой код._\n\n#️⃣ _Command →_ *'{command}'*\n\n📅 _Происходит в →_ *'{time}'*\n\n📁 _В папке →_ *'{path}'*\n\n🗋 _В файле →_ *'{file}'*\n\n🧶 _На строке →_ *'#{line}'*\n\n🔍 _На символе →_ *'#{character}'*\n\n🔭 _Моя ошибка ? →_ *'{isMe}'*\n\n❓ _Тип ошибки →_ *'{typeerror}'*\n\n❌ _Сообщение об ошибке →_ *'{fullbo}'*\n\n💡 _Как исправить →_ *'{suggestion}'*\n\n🐕 - Даже если ошибка не моя, если вы сталкиваетесь с повторяющимися ошибками, вы можете сообщить об этом в моем репозитории на GitHub, выполнить поиск Project Iris, так как это могло быть вызвано внешним модулем обновления, который должен быть исправлено моими разработчиками, но обычно это вина модуля, у которого возникли проблемы, а не моих разработчиков."
        ],
        "RangeFix": [
            "Определите неотрицательное числовое значение, обычно от 0 до 65536 в случае портов, оно может выходить за рамки других типов, максимальное поддерживаемое значение можно найти, введя 'Number.MAX_VALUE', однако, использование больших чисел может привести к ошибкам памяти."
        ],
        "ReferenceFix": [
            "Определите переменную '{lostvar}' в коде или исправьте переменную с ошибкой."
        ],
        "SyntaxFix": [
            "Исправьте код неправильного использования и дефекта, эта ошибка появляется, когда предоставленный код нельзя использовать в программировании на JavaScript."
        ],
        "OtherFix": [
            "Ошибка неизвестного типа, подробности или справку см. в Project Iris GitHub или Google."
        ]
    },
    "lat": {
        "Fail": [
            "😵 _Ooops, aliquid apud me erravit, id bene facturum si posses singula infra mittere ad bulla mea per 'auxilium' mandatum vel per administratores contingentes._\n\n🤖 _Remember, errores referre possunt. servo, wa-automate, epistulas non accepi vel habere, unctiones meas perperam accommodare, vel genus incognitum deficiendi, non semper culpa mea aut codicem meum est._\n\n#️⃣ _Command →_ *'{command}'*\n\n📅 _Occurred in →_ *'{time}'*\n\n📁 _In folder →_ *'{path}'*\n\n🗋 _In tabella →_ *'{file}'*\n\n🧶 _On the line →_ *'#{line}'*\n\n🔍 _On the character →_ *'#{character}'*\n\n🔭 _Is est error meus ? →_ *'{isMe}'*\n\n❓ _Error type →_ *'{typeerror}'*\n\n❌ _Error nuntius →_ *'{fullbo}'*\n\n💡 _Quam figere →_ *'{suggestion}'*\n\n🐕 - Etsi error meus non est, si errores repetitos experiris, hoc referre potes in repositorio meo in GitHub, quaerendi Irim Project, sicut causari potuit. per moduli renovatio externa indiget co- fixum meis DEV, sed solere vitio moduli qui problems et non tincidunt me habet."
        ],
        "RangeFix": [
            "Definire valorem numeralem non-negativum, plerumque ab 0 ad 65536 in casu portuum, supergredi potest quod in aliis speciebus, valorem maximum fultum per typing 'Number.MAX_VALUE' inveniri potest. usus numeros magnos errores memoriae causare potest."
        ],
         "ReferenceFix": [
            "Definire variabilem '{lostvar}' in codice vel corrigere variam quae misspelli erat."
        ],
         "SyntaxFix": [
            "Recte abusus et defectus Codicis, hic error apparet cum in JavaScript programmatione provisum non est utilis."
        ],
         "OtherFix": [
            "Ignis erroris genus, Project Iris GitHub reprehendo vel Google ad singula vel auxilium."
        ]
    }
}